{"noiseKey":{"private":{"type":"Buffer","data":"UJ1fplgM7oKTBi2ipksYNk91KUDtNKbYbbJ6YZvnoHY="},"public":{"type":"Buffer","data":"1uxVV1DoXBx8rubtyNGZUFhCFImqHjNfIbI9VYrBZmI="}},"signedIdentityKey":{"private":{"type":"Buffer","data":"yB/rXfBWjkg3lRCqn8YuhqiooRCoBzsAfTRgXDCZNlI="},"public":{"type":"Buffer","data":"Gr5TpyKhZdWPqKkmyJWPADikaRVKYnuyWr0IPL2vn3U="}},"signedPreKey":{"keyPair":{"private":{"type":"Buffer","data":"GESS4oEczPjhB4sSDI/ttk2NzO2PdC019sclWltSHmE="},"public":{"type":"Buffer","data":"K/bi+HeVSc3kDDQsb0rzyYmQMGOHRgK6ylvrMw6EgyU="}},"signature":{"type":"Buffer","data":"rg6pqL/LAP8kp5/gm+1216sT0rFvXGxflBERAVvXvEUTehMHSxHVtaPNnDuRwHgU5hDPr+SYiLTBu9OnAJy3AA=="},"keyId":1},"registrationId":60,"advSecretKey":"KyhPh/akgrzngNeezHl9KX7SB22whc80Tm3gVEbmp00=","processedHistoryMessages":[{"key":{"remoteJid":"59169097532@s.whatsapp.net","fromMe":true,"id":"3A7FDA63A80ACF52FB95"},"messageTimestamp":1693404352},{"key":{"remoteJid":"59169097532@s.whatsapp.net","fromMe":true,"id":"3A9EC34862A807A196C6"},"messageTimestamp":1693404354},{"key":{"remoteJid":"59169097532@s.whatsapp.net","fromMe":true,"id":"3A288535D4D0BF313B8F"},"messageTimestamp":1693404360},{"key":{"remoteJid":"59169097532@s.whatsapp.net","fromMe":true,"id":"3A9292568CD0DD80060A"},"messageTimestamp":1693404364},{"key":{"remoteJid":"59169097532@s.whatsapp.net","fromMe":true,"id":"3A9A2315A34CAF61D93D"},"messageTimestamp":1693404366},{"key":{"remoteJid":"59169097532@s.whatsapp.net","fromMe":true,"id":"3AA3468506577DF4EBB9"},"messageTimestamp":1693404368}],"nextPreKeyId":31,"firstUnuploadedPreKeyId":31,"accountSyncCounter":1,"accountSettings":{"unarchiveChats":false},"deviceId":"aFPoT_ziT3yKlPb_8OrSLw","phoneId":"aff70d93-5e65-4af1-86f8-c530fa5734b9","identityId":{"type":"Buffer","data":"i/uum5GG3QHLJDdR5HhEseBezcw="},"registered":false,"backupToken":{"type":"Buffer","data":"j15bitlCGWkfa+g7aIvNfN5cW7k="},"registration":{},"account":{"details":"CLPmypsLELqZvacGGEUgACgA","accountSignatureKey":"Qn/r2RSjCHKQO0ZurCvdhsmJ+11Ht3PcTc9wDZCyWQo=","accountSignature":"ktql8xLPvNT4sWN+te38xWOwA+suoRn3H3RRbKO9b17iauU6sAIt99kyZdy6StFU4Nxyt/miLLPIirtEFmSRgA==","deviceSignature":"db2cs/uADWCRVsh/P47gYmEuBK/UKsgL9xl24N5GcSoK3EMETg52zndKRc33P8t7CTUuvbkR5DWzdIsLdv0kCQ=="},"me":{"id":"59169097532:83@s.whatsapp.net","name":"Cristopher O’Connor"},"signalIdentities":[{"identifier":{"name":"59169097532:83@s.whatsapp.net","deviceId":0},"identifierKey":{"type":"Buffer","data":"BUJ/69kUowhykDtGbqwr3YbJiftdR7dz3E3PcA2QslkK"}}],"platform":"iphone","lastAccountSyncTimestamp":1693404623,"myAppStateKeyId":"AAAAAL7T"}