{"_sessions":{"BfkJy24iWJ40JrCNoNL7ZqWYahpBBafHVogWAQc+/h5/":{"registrationId":993773088,"currentRatchet":{"ephemeralKeyPair":{"pubKey":"Bar5RqSFxmlAnUvCqPvMIsURxQvpW+OIYryM+iHVy+EN","privKey":"UMRrGqaAlkItRMKl3wKm/ofc2kwU9EFeXj8OHY7TWXc="},"lastRemoteEphemeralKey":"BcohPNH8PtdkP9ueur+wKCWaQpGMsct+7ji4ZtPSC24G","previousCounter":0,"rootKey":"XymbN1uEnQCARl/dyIx7BKvaCbcqeZPC15VpFPKAK3c="},"indexInfo":{"baseKey":"BfkJy24iWJ40JrCNoNL7ZqWYahpBBafHVogWAQc+/h5/","baseKeyType":2,"closed":-1,"used":1693404457979,"created":1693404457979,"remoteIdentityKey":"BaIy3jRODAYsMg4S5/RVIIx2Oe8MhGOjeNLmScsBJ7VX"},"_chains":{"BcohPNH8PtdkP9ueur+wKCWaQpGMsct+7ji4ZtPSC24G":{"chainKey":{"counter":2,"key":"/5BD3N3r/1GWgWGFgBo6+b6fwhDm0OeeFpNw6v+zzcg="},"chainType":2,"messageKeys":{}},"Bar5RqSFxmlAnUvCqPvMIsURxQvpW+OIYryM+iHVy+EN":{"chainKey":{"counter":-1,"key":"jvsD39/SIWcd4bUUn9lnKkE4QdE5d69p1Zb+AFkonsY="},"chainType":1,"messageKeys":{}}}}},"version":"v1"}