{"_sessions":{"Bcz4c43qK7xXpmUMFph0Hhae3iQmdymIPwn06avjgRg0":{"registrationId":1430857940,"currentRatchet":{"ephemeralKeyPair":{"pubKey":"BQybkkacJ+/EgSdtJtg5/nxyQPomglmiVmG0bSxHVBQ9","privKey":"sC9RXoL1mrnMR3D0T0s36Nm844gx6Nsf0yqQjb/WGXc="},"lastRemoteEphemeralKey":"BbdIUu4DJGK9jCPQBWB8CGpA7exBfvwmI6y9qkZ4omFE","previousCounter":0,"rootKey":"sWIE/LMBeYQGbRrtZvqlzdpciHiUqyvtFNPiDpysntU="},"indexInfo":{"baseKey":"Bcz4c43qK7xXpmUMFph0Hhae3iQmdymIPwn06avjgRg0","baseKeyType":2,"closed":-1,"used":1693404349589,"created":1693404349589,"remoteIdentityKey":"BUJ/69kUowhykDtGbqwr3YbJiftdR7dz3E3PcA2QslkK"},"_chains":{"BbdIUu4DJGK9jCPQBWB8CGpA7exBfvwmI6y9qkZ4omFE":{"chainKey":{"counter":11,"key":"BykE12t0y+9SreTckKLtqmEk8+rSSf0iFRNnRgla+Gk="},"chainType":2,"messageKeys":{}},"BQybkkacJ+/EgSdtJtg5/nxyQPomglmiVmG0bSxHVBQ9":{"chainKey":{"counter":43,"key":"iBJbTNtHq2GDKqsyCPU+DB0z74WBkMc3gllZ3MV3sCc="},"chainType":1,"messageKeys":{}}}}},"version":"v1"}