{"_sessions":{"BfhVhq1F6vwYnXLOmP8Y9UaDMeFKdLlciMW7Zxs90LgN":{"registrationId":7756,"currentRatchet":{"ephemeralKeyPair":{"pubKey":"BSn7874EcP7l2lWMosCLN+GbbpxCUijnWpTJhv23apQa","privKey":"GNmW/fl77of6LEsV1Cb5YVyQCqwJ/iuVVl7c9g8ADUM="},"lastRemoteEphemeralKey":"BRJ91GfQCSAc3+VR0ugdyDmPHJTvesGNu/J45rqBym9B","previousCounter":0,"rootKey":"BhqtRSliKnC/w+HG0Y50n/4pb8/uWle3w1Febq6vkyY="},"indexInfo":{"baseKey":"BfhVhq1F6vwYnXLOmP8Y9UaDMeFKdLlciMW7Zxs90LgN","baseKeyType":2,"closed":-1,"used":1693406455297,"created":1693406455297,"remoteIdentityKey":"BbKQd+TP3cGZutvKUJHr7IcGWlKK82ApAxEg8cii86kt"},"_chains":{"BRJ91GfQCSAc3+VR0ugdyDmPHJTvesGNu/J45rqBym9B":{"chainKey":{"counter":2,"key":"3jnHhZ8G8O5bhTXVn1v0JaG9cqMNfdmU9Z7wq28BtlY="},"chainType":2,"messageKeys":{}},"BSn7874EcP7l2lWMosCLN+GbbpxCUijnWpTJhv23apQa":{"chainKey":{"counter":-1,"key":"E5EvakxXkps8YOgx1vC+KkZDTOFkxLodTDEfC+3AACc="},"chainType":1,"messageKeys":{}}}}},"version":"v1"}