{"_sessions":{"BRt7gjZq6K6hBK8He3v3mMSjpP7KcJKOnYU2UZ7kJ9AM":{"registrationId":2145938426,"currentRatchet":{"ephemeralKeyPair":{"pubKey":"BRzWQb7KzT6LJnRXq/eL8t352u/HWaE7cs43CtviuExi","privKey":"gP3XWtxOuirCjPL3IEZEJ7IoqILxqpty6ZZjxI5ogUs="},"lastRemoteEphemeralKey":"BawieI2bdYk+ufv0y7iKF53EwVeRQVu/bnbyPAxbAtYb","previousCounter":0,"rootKey":"0XN1yzmWG55bUbqfVKlMy5XXuy1nj/T/W9TSEZ19i0Y="},"indexInfo":{"baseKey":"BRt7gjZq6K6hBK8He3v3mMSjpP7KcJKOnYU2UZ7kJ9AM","baseKeyType":2,"closed":-1,"used":1693404684084,"created":1693404684084,"remoteIdentityKey":"BQHIrE6jG6+58FX34kO+iSq7zQDXossO5R7FzPrthxE8"},"_chains":{"BawieI2bdYk+ufv0y7iKF53EwVeRQVu/bnbyPAxbAtYb":{"chainKey":{"counter":0,"key":"3c8cRP9+XjgFyarZvgdUglFabNP4EQ4jOByOrS9ITS0="},"chainType":2,"messageKeys":{}},"BRzWQb7KzT6LJnRXq/eL8t352u/HWaE7cs43CtviuExi":{"chainKey":{"counter":-1,"key":"lg1O5BtzftWm31IonWmKALU8nnZQqKxFCbecXWh+09Q="},"chainType":1,"messageKeys":{}}}}},"version":"v1"}