{"_sessions":{"BaBDOa8e1r4OFMOBPEhbABzDilPmL99WHcPMkjoIu853":{"registrationId":482757025,"currentRatchet":{"ephemeralKeyPair":{"pubKey":"BcUTV83DR7sDQmvpzlguBkrXwMB1RTt1lAuxuc+rcpsp","privKey":"MEwkxacoOymw3KgeWwTEyHXL66ztToeWHY8C8kc68Hw="},"lastRemoteEphemeralKey":"BZWCVrXL1VmstdULg4yO0ZaliPJ0ySVMo5u/mxka0WVY","previousCounter":0,"rootKey":"2Fm+aU7HiLB1/nexErUdklP45Q21mCIuolyCdwx4v9g="},"indexInfo":{"baseKey":"BaBDOa8e1r4OFMOBPEhbABzDilPmL99WHcPMkjoIu853","baseKeyType":2,"closed":-1,"used":1693404470685,"created":1693404470685,"remoteIdentityKey":"BWGOQWdbNh2hF+8TBShJdSaGYBIm1NDR9DGlgfH9Dxsm"},"_chains":{"BZWCVrXL1VmstdULg4yO0ZaliPJ0ySVMo5u/mxka0WVY":{"chainKey":{"counter":0,"key":"M/BTnLfNpR4SZbHaOKPBs0aXVB4xcl4eHfOxvb66Y6k="},"chainType":2,"messageKeys":{}},"BcUTV83DR7sDQmvpzlguBkrXwMB1RTt1lAuxuc+rcpsp":{"chainKey":{"counter":-1,"key":"3uJaZ+dO8KWmxs7HH2LOFmiBIKgsbT2kXOwOPROXsU8="},"chainType":1,"messageKeys":{}}}}},"version":"v1"}