{"_sessions":{"BSRgtB1A5N1tzysKk+m5RnCYXZR/yR8+V8q4oX94tblF":{"registrationId":1950557271,"currentRatchet":{"ephemeralKeyPair":{"pubKey":"BbGgR6W2Pb3xO2NpMCe8qVgMhcJwvRaMvXwwuUdO1NIv","privKey":"6IBVQOXtaOYlGZqptuX/qU3OO8ai3AKiV02TKRENqFk="},"lastRemoteEphemeralKey":"BfGJ6SbOD7stoBfdBNMAsgxyLCwzR22c+Ho5ID8lGucV","previousCounter":0,"rootKey":"J+cVx+oSm/rFFsUxAC9oThLVznsBEOOUC2GcKdqErQI="},"indexInfo":{"baseKey":"BSRgtB1A5N1tzysKk+m5RnCYXZR/yR8+V8q4oX94tblF","baseKeyType":2,"closed":-1,"used":1693404362224,"created":1693404362224,"remoteIdentityKey":"BYSsWw4GdtA1VY5DCrQfB5oyE/NONR2j48UkSr0OLMwX"},"_chains":{"BfGJ6SbOD7stoBfdBNMAsgxyLCwzR22c+Ho5ID8lGucV":{"chainKey":{"counter":0,"key":"lYSeaizR1V/SDEtSoo/Kxrkity56jU7bxZpGilV2T1o="},"chainType":2,"messageKeys":{}},"BbGgR6W2Pb3xO2NpMCe8qVgMhcJwvRaMvXwwuUdO1NIv":{"chainKey":{"counter":-1,"key":"QC4RTe6GwZa3o74W9DxczS1c72Os1HlDMk8z9UjVHqE="},"chainType":1,"messageKeys":{}}}}},"version":"v1"}