{"_sessions":{"Be8fZWTCfhnK023VY1SQwkbLukHSm798n7uTuoMO6hYo":{"registrationId":163,"currentRatchet":{"ephemeralKeyPair":{"pubKey":"BeCkWX/oz+F+zVMcgdS16iEfafORxvSXIfy8QAG6cfYg","privKey":"8J5TvRWRWlfwb/f+BkuDylCmGDbq8FZxPoYYQ8Gh+Vk="},"lastRemoteEphemeralKey":"BX1GgnJ02WY4OGaT7+r0eZpjfkBsQaKi14MvNkWhkQg1","previousCounter":0,"rootKey":"FD3WuVwqti2ePpGFqh/fkufYYmetT5XH2i58K+fz8Ts="},"indexInfo":{"baseKey":"Be8fZWTCfhnK023VY1SQwkbLukHSm798n7uTuoMO6hYo","baseKeyType":1,"closed":-1,"used":1693404901386,"created":1693404901386,"remoteIdentityKey":"BX6gVST/v0QbOEs1HmDz0Lt8+2ibholdgy9N8CfU91MS"},"_chains":{"BeCkWX/oz+F+zVMcgdS16iEfafORxvSXIfy8QAG6cfYg":{"chainKey":{"counter":37,"key":"TFiTn5BsQH+KoPJNbUIHrhuFdLfAx8qahx7U3E3Xr7Y="},"chainType":1,"messageKeys":{}}},"pendingPreKey":{"signedKeyId":1,"baseKey":"Be8fZWTCfhnK023VY1SQwkbLukHSm798n7uTuoMO6hYo"}}},"version":"v1"}