{"_sessions":{"BewGTPGTkjQoUpROUWYnr03HHpVenLQKwJIl1pmAjQ9R":{"registrationId":201715805,"currentRatchet":{"ephemeralKeyPair":{"pubKey":"BRmdcWV1NbKQzQG5JCAYS1WRJE0gVG/xZoOrZq5rRmRa","privKey":"YOtvLX2t0bOdYCSkvo+rgCGvbmyuGZETc2p3xDf+WEs="},"lastRemoteEphemeralKey":"BeMo+ys3iuuFbn+A2k/7kwnL/ckR4SxbasFNmAF42BkW","previousCounter":0,"rootKey":"ESdA+KPo8ePJ1mEH809kdh/wrYM4a5MOZBUmQx+/uvw="},"indexInfo":{"baseKey":"BewGTPGTkjQoUpROUWYnr03HHpVenLQKwJIl1pmAjQ9R","baseKeyType":2,"closed":-1,"used":1693404384344,"created":1693404384344,"remoteIdentityKey":"BYTGsUS3005ZYJIf1Fi1GuThJjVicLoysBpsDGmczI4L"},"_chains":{"BeMo+ys3iuuFbn+A2k/7kwnL/ckR4SxbasFNmAF42BkW":{"chainKey":{"counter":0,"key":"W/Coi4ZeESfcKiP0OXhFkqfeto9ORNsnD2+jiEnw6cs="},"chainType":2,"messageKeys":{}},"BRmdcWV1NbKQzQG5JCAYS1WRJE0gVG/xZoOrZq5rRmRa":{"chainKey":{"counter":-1,"key":"IH9M/cubLRySzOsPFUokSCFYa8kL1o8nNk42vgH8Vj0="},"chainType":1,"messageKeys":{}}}}},"version":"v1"}