{"_sessions":{"BXjxnq3hYg8a+5Az1FIskejz6f6BaP80IG3CqYZyvdJ7":{"registrationId":122306798,"currentRatchet":{"ephemeralKeyPair":{"pubKey":"BXyzxKtzO2tPpodhdgagXz5aZDZnrG6i4Z+YRTx46GsQ","privKey":"oGStOecTwfCiq32/LjihbdqLB9UbDB44BYDHsBJuW2M="},"lastRemoteEphemeralKey":"BYaG+FZv7rEY0u1++CHiNRNu/Cws4z7eEqTXzJrMIZMa","previousCounter":0,"rootKey":"qVAdLwEqcadm+6f63kS8UFUNmRKW7AQIahDiv2HstjI="},"indexInfo":{"baseKey":"BXjxnq3hYg8a+5Az1FIskejz6f6BaP80IG3CqYZyvdJ7","baseKeyType":2,"closed":-1,"used":1693404624210,"created":1693404624210,"remoteIdentityKey":"BeVLtGUKdFTpiIR8xqEinJTE3nmYr9f253HmFIPqLr4j"},"_chains":{"BYaG+FZv7rEY0u1++CHiNRNu/Cws4z7eEqTXzJrMIZMa":{"chainKey":{"counter":1,"key":"Upp7I9AZs79I7czTa8XsAN0cKJpf+H9akWbuC/wvUwc="},"chainType":2,"messageKeys":{}},"BXyzxKtzO2tPpodhdgagXz5aZDZnrG6i4Z+YRTx46GsQ":{"chainKey":{"counter":-1,"key":"N4VXz8RDKPbpxzCYKf41JdrYBihgOokMsEfMitmObYk="},"chainType":1,"messageKeys":{}}}}},"version":"v1"}