{"_sessions":{"Bf7ieAQwCF28DwQu4hMVN9b5AUSank1z42uikGoXruEK":{"registrationId":14094,"currentRatchet":{"ephemeralKeyPair":{"pubKey":"BbyWlS+tADP+OyFMV67Txi3CjcgIj7m6x8mLm4DMcHII","privKey":"sPfCNe99+LVHy+tSwAu4cu+piKOu8q1s+U7Bm/Oo7mI="},"lastRemoteEphemeralKey":"Bakr9zIdQX6NQVRLypP6Q3lMqBHs+e0m6RmTweMeUOo9","previousCounter":37,"rootKey":"3QaSj3ev2ZyVP1LV44wytSLE7OjRhGIcW82PeSPtHDI="},"indexInfo":{"baseKey":"Bf7ieAQwCF28DwQu4hMVN9b5AUSank1z42uikGoXruEK","baseKeyType":1,"closed":-1,"used":1693406751103,"created":1693404901382,"remoteIdentityKey":"BRktlwOBslqVZrhNe+lZycmQJ1ayWtNu0l55zboEHHNz"},"_chains":{"Bakr9zIdQX6NQVRLypP6Q3lMqBHs+e0m6RmTweMeUOo9":{"chainKey":{"counter":2,"key":"FlDjgv8Rk8Fd/ci69zXHXsItXaqr8ulsRJHkLirvB1o="},"chainType":2,"messageKeys":{}},"BbyWlS+tADP+OyFMV67Txi3CjcgIj7m6x8mLm4DMcHII":{"chainKey":{"counter":-1,"key":"CKWFQThvPdRHIThm7Wn1zUw2EyFE7WO0M68p5q0CFKg="},"chainType":1,"messageKeys":{}}}}},"version":"v1"}