{"_sessions":{"BY2xnrs2f90OCtPu0TtfL0/tkdxFu0K75X+56hpaIzEu":{"registrationId":1182364847,"currentRatchet":{"ephemeralKeyPair":{"pubKey":"BZX8mSF5O68XkfgDl9/OARnViMluopRVK9uLzciOWzV+","privKey":"EExyDMlXrmvQEUWS2xwkvUMP6lV1i18Sim08jDzN1HA="},"lastRemoteEphemeralKey":"BUSWbyH8nCVlGWM5Lz9VDAkVJ/7fLLxKsMo4590CCApA","previousCounter":0,"rootKey":"VvjLlmaoMeExJANEZyXVnWaj4IUeb8PcFR6iH6gD3CE="},"indexInfo":{"baseKey":"BY2xnrs2f90OCtPu0TtfL0/tkdxFu0K75X+56hpaIzEu","baseKeyType":2,"closed":-1,"used":1693404617773,"created":1693404617773,"remoteIdentityKey":"BQQ5lXsxCPAZE/N3RSZ96Jv48Dk2f7ffORzFjkoMsDoM"},"_chains":{"BUSWbyH8nCVlGWM5Lz9VDAkVJ/7fLLxKsMo4590CCApA":{"chainKey":{"counter":0,"key":"0M/fx/TM93g35cOSHPVs+6BFxoqgX/yPU2vSaMK9l18="},"chainType":2,"messageKeys":{}},"BZX8mSF5O68XkfgDl9/OARnViMluopRVK9uLzciOWzV+":{"chainKey":{"counter":-1,"key":"HoDvQQBXYlPswCHFk+CXhXHVr9bIlO7rR1Oly93zroA="},"chainType":1,"messageKeys":{}}}}},"version":"v1"}